Return,total_numsteps
-3.2690837,100
-10.74317,200
-3.3354464,300
-10.2016945,400
-19.972216,500
-19.828741,600
